l1d_size,l1d_assoc,l2cache,l2assoc,mem_type,l1d_hwp_type,cacheline_size,sim_seconds
128,2,OFF,2,DDR4_2400_16x4,SignaturePathPrefetcher,64,0.058182
32,8,OFF,2,DDR4_2400_4x16,TaggedPrefetcher,64,0.151381
128,2,OFF,2,DDR3_2133_8x8,None,64,0.102286
512,16,OFF,16,DDR3_2133_8x8,None,64,0.031601
256,16,OFF,8,DDR4_2400_4x16,TaggedPrefetcher,128,0.031774
256,1,OFF,2,DDR4_2400_16x4,None,64,0.072490
128,8,OFF,4,DDR3_1600_8x8,AMPMPrefetcher,64,0.102985
32,1,ON,8,DDR3_1600_8x8,BOPPrefetcher,128,0.060465
128,2,OFF,4,DDR4_2400_16x4,TaggedPrefetcher,64,0.094968
256,2,OFF,2,DDR4_2400_16x4,TaggedPrefetcher,128,0.047485
256,2,OFF,8,DDR4_2400_16x4,AMPMPrefetcher,32,0.056302
512,2,OFF,8,DDR3_2133_8x8,None,128,0.032296
32,1,ON,4,DDR4_2400_16x4,BOPPrefetcher,128,0.059854
512,4,ON,2,DDR3_2133_8x8,AMPMPrefetcher,32,0.032449
256,1,OFF,2,DDR4_2400_4x16,BOPPrefetcher,32,0.091466
128,8,ON,4,DDR4_2400_8x8,AMPMPrefetcher,32,0.041983
512,4,OFF,8,DDR3_1600_8x8,AMPMPrefetcher,64,0.031636
256,16,ON,2,DDR4_2400_16x4,SignaturePathPrefetcher,128,0.032782
128,2,OFF,2,DDR4_2400_8x8,SignaturePathPrefetcher,128,0.061836
64,1,OFF,8,DDR3_1600_8x8,TaggedPrefetcher,64,0.142440
512,16,ON,2,DDR4_2400_16x4,None,32,0.032335
128,16,ON,4,DDR4_2400_4x16,AMPMPrefetcher,32,0.040397
256,2,ON,2,DDR4_2400_16x4,BOPPrefetcher,64,0.042219
32,4,OFF,16,DDR4_2400_4x16,TaggedPrefetcher,32,0.152178
256,16,OFF,16,DDR4_2400_16x4,TaggedPrefetcher,64,0.031726
512,8,OFF,8,DDR3_2133_8x8,TaggedPrefetcher,128,0.031963
32,1,ON,1,DDR4_2400_8x8,BOPPrefetcher,128,0.062405
64,8,ON,2,DDR3_1600_8x8,SignaturePathPrefetcher,32,0.043907
32,8,OFF,8,DDR3_1600_8x8,None,32,0.153294
64,8,OFF,1,DDR3_1600_8x8,TaggedPrefetcher,64,0.151220
64,8,OFF,16,DDR4_2400_4x16,SignaturePathPrefetcher,64,0.103705
32,16,OFF,4,DDR3_1600_8x8,AMPMPrefetcher,64,0.155275
32,8,ON,1,DDR3_2133_8x8,AMPMPrefetcher,32,0.059230
128,1,OFF,16,DDR4_2400_16x4,TaggedPrefetcher,128,0.107880
512,1,OFF,8,DDR3_1600_8x8,TaggedPrefetcher,128,0.042124
32,16,ON,8,DDR4_2400_4x16,AMPMPrefetcher,64,0.060116
128,16,OFF,16,DDR4_2400_16x4,None,64,0.101637
512,2,OFF,16,DDR4_2400_4x16,None,64,0.043860
64,2,OFF,4,DDR3_2133_8x8,BOPPrefetcher,64,0.140398
256,2,ON,2,DDR4_2400_4x16,None,128,0.037693
32,16,ON,16,DDR4_2400_8x8,SignaturePathPrefetcher,128,0.047194
128,4,ON,2,DDR3_1600_8x8,TaggedPrefetcher,128,0.044475
512,4,OFF,4,DDR3_2133_8x8,TaggedPrefetcher,128,0.031943
256,8,ON,2,DDR4_2400_4x16,TaggedPrefetcher,64,0.032667
256,16,ON,8,DDR4_2400_8x8,None,32,0.032706
128,8,ON,2,DDR4_2400_4x16,AMPMPrefetcher,128,0.041853
256,8,ON,4,DDR3_2133_8x8,AMPMPrefetcher,32,0.032490
32,8,OFF,8,DDR4_2400_16x4,TaggedPrefetcher,128,0.171683
256,2,ON,16,DDR4_2400_16x4,AMPMPrefetcher,64,0.037976
512,1,OFF,16,DDR4_2400_4x16,None,32,0.049477
256,16,OFF,16,DDR4_2400_16x4,SignaturePathPrefetcher,128,0.031801
512,8,ON,8,DDR3_1600_8x8,SignaturePathPrefetcher,32,0.032366
32,2,ON,16,DDR3_2133_8x8,AMPMPrefetcher,64,0.060582
32,16,ON,8,DDR4_2400_16x4,SignaturePathPrefetcher,128,0.046412
512,16,OFF,4,DDR4_2400_16x4,AMPMPrefetcher,32,0.031734
64,16,OFF,2,DDR3_2133_8x8,None,128,0.155272
128,16,OFF,8,DDR3_2133_8x8,SignaturePathPrefetcher,128,0.059258
512,16,OFF,2,DDR4_2400_4x16,TaggedPrefetcher,32,0.031724
256,16,ON,2,DDR4_2400_16x4,AMPMPrefetcher,128,0.032765
512,16,OFF,4,DDR4_2400_4x16,AMPMPrefetcher,128,0.031843
32,1,ON,16,DDR3_1600_8x8,None,32,0.059730
128,1,ON,2,DDR4_2400_8x8,None,64,0.046152
256,4,ON,4,DDR3_1600_8x8,None,64,0.032791
64,4,OFF,2,DDR4_2400_4x16,BOPPrefetcher,128,0.158567
64,2,ON,8,DDR4_2400_16x4,BOPPrefetcher,128,0.056128
32,4,OFF,2,DDR3_1600_8x8,AMPMPrefetcher,64,0.155609
128,1,OFF,8,DDR4_2400_4x16,SignaturePathPrefetcher,64,0.072601
32,1,ON,2,DDR3_1600_8x8,SignaturePathPrefetcher,64,0.048032
512,1,OFF,8,DDR4_2400_4x16,AMPMPrefetcher,64,0.041339
32,16,ON,8,DDR3_2133_8x8,SignaturePathPrefetcher,128,0.045539
128,16,OFF,16,DDR4_2400_16x4,SignaturePathPrefetcher,128,0.077738
512,1,ON,1,DDR4_2400_4x16,AMPMPrefetcher,128,0.036441
128,8,ON,4,DDR4_2400_8x8,SignaturePathPrefetcher,64,0.037780
512,8,OFF,1,DDR3_2133_8x8,AMPMPrefetcher,64,0.031738
32,2,OFF,8,DDR4_2400_8x8,None,32,0.151495
32,16,OFF,16,DDR4_2400_4x16,BOPPrefetcher,128,0.158027
512,2,ON,1,DDR4_2400_8x8,TaggedPrefetcher,128,0.032758
32,4,ON,16,DDR4_2400_8x8,TaggedPrefetcher,64,0.060223
128,4,OFF,16,DDR3_1600_8x8,TaggedPrefetcher,128,0.099799
128,16,ON,2,DDR3_2133_8x8,None,32,0.046800
128,16,ON,4,DDR4_2400_4x16,TaggedPrefetcher,64,0.049853
256,2,ON,8,DDR3_1600_8x8,SignaturePathPrefetcher,32,0.037573
64,1,ON,16,DDR4_2400_16x4,SignaturePathPrefetcher,128,0.046917
512,2,ON,16,DDR3_2133_8x8,AMPMPrefetcher,64,0.032916
512,4,OFF,8,DDR4_2400_16x4,AMPMPrefetcher,32,0.031839
256,1,ON,2,DDR4_2400_8x8,TaggedPrefetcher,32,0.049205
32,2,OFF,1,DDR4_2400_4x16,SignaturePathPrefetcher,32,0.110258
128,4,OFF,16,DDR4_2400_8x8,AMPMPrefetcher,32,0.082121
64,16,ON,4,DDR3_1600_8x8,BOPPrefetcher,128,0.057478
32,2,OFF,8,DDR3_2133_8x8,TaggedPrefetcher,128,0.164078
128,16,ON,1,DDR3_2133_8x8,TaggedPrefetcher,128,0.051336
256,1,ON,1,DDR4_2400_4x16,AMPMPrefetcher,64,0.038099
64,2,ON,1,DDR4_2400_4x16,TaggedPrefetcher,128,0.060376
64,1,ON,2,DDR3_1600_8x8,SignaturePathPrefetcher,128,0.045554
64,4,ON,2,DDR4_2400_8x8,BOPPrefetcher,64,0.058026
32,2,OFF,2,DDR4_2400_8x8,BOPPrefetcher,64,0.149954
512,4,ON,1,DDR4_2400_16x4,AMPMPrefetcher,32,0.032433
256,1,ON,2,DDR4_2400_4x16,BOPPrefetcher,64,0.040857
64,8,ON,16,DDR4_2400_8x8,BOPPrefetcher,64,0.058102
256,2,OFF,16,DDR3_2133_8x8,AMPMPrefetcher,64,0.045441
32,2,OFF,4,DDR4_2400_4x16,AMPMPrefetcher,64,0.159590
128,1,ON,2,DDR4_2400_4x16,AMPMPrefetcher,128,0.047512
256,4,ON,16,DDR4_2400_4x16,None,32,0.033071
128,8,OFF,2,DDR3_2133_8x8,SignaturePathPrefetcher,64,0.071812
128,1,ON,8,DDR3_1600_8x8,None,64,0.045497
128,1,ON,4,DDR4_2400_4x16,TaggedPrefetcher,64,0.046419
256,8,ON,2,DDR3_2133_8x8,TaggedPrefetcher,32,0.032445
32,8,OFF,8,DDR3_2133_8x8,TaggedPrefetcher,64,0.147045
512,8,ON,4,DDR4_2400_8x8,BOPPrefetcher,64,0.032509
64,1,OFF,16,DDR3_1600_8x8,BOPPrefetcher,64,0.134237
64,2,ON,16,DDR4_2400_16x4,SignaturePathPrefetcher,128,0.045261
512,4,ON,2,DDR4_2400_16x4,TaggedPrefetcher,128,0.032777
128,4,OFF,2,DDR4_2400_8x8,AMPMPrefetcher,64,0.097066
256,2,ON,2,DDR3_2133_8x8,BOPPrefetcher,32,0.037422
32,2,OFF,4,DDR4_2400_8x8,None,64,0.150441
256,2,ON,2,DDR4_2400_4x16,AMPMPrefetcher,128,0.039593
64,4,OFF,1,DDR4_2400_16x4,None,64,0.149569
128,4,ON,16,DDR3_1600_8x8,TaggedPrefetcher,128,0.051370
32,8,ON,1,DDR3_1600_8x8,BOPPrefetcher,32,0.057657
256,16,ON,2,DDR3_1600_8x8,TaggedPrefetcher,64,0.032686
128,2,OFF,16,DDR4_2400_16x4,BOPPrefetcher,32,0.099621
32,8,OFF,16,DDR3_2133_8x8,BOPPrefetcher,128,0.149737
32,1,ON,16,DDR3_2133_8x8,SignaturePathPrefetcher,32,0.047965
32,8,ON,2,DDR4_2400_8x8,AMPMPrefetcher,32,0.059076
128,1,ON,8,DDR4_2400_4x16,TaggedPrefetcher,128,0.050063
512,2,OFF,16,DDR4_2400_16x4,TaggedPrefetcher,128,0.047358
128,4,OFF,2,DDR4_2400_4x16,TaggedPrefetcher,64,0.110297
256,4,ON,2,DDR3_2133_8x8,SignaturePathPrefetcher,32,0.032756
128,1,ON,8,DDR3_1600_8x8,TaggedPrefetcher,32,0.044538
512,4,ON,16,DDR3_2133_8x8,AMPMPrefetcher,128,0.032864
32,16,OFF,16,DDR4_2400_4x16,BOPPrefetcher,32,0.153906
128,8,ON,16,DDR4_2400_4x16,BOPPrefetcher,64,0.047817
32,4,ON,16,DDR3_1600_8x8,None,32,0.058073
64,4,OFF,1,DDR4_2400_16x4,BOPPrefetcher,32,0.151338
64,2,OFF,4,DDR4_2400_16x4,TaggedPrefetcher,128,0.172366
32,1,ON,1,DDR4_2400_8x8,AMPMPrefetcher,32,0.061523
32,2,OFF,8,DDR4_2400_4x16,TaggedPrefetcher,128,0.175134
64,4,ON,1,DDR4_2400_16x4,SignaturePathPrefetcher,64,0.044193
512,4,OFF,16,DDR4_2400_16x4,SignaturePathPrefetcher,128,0.031934
256,8,OFF,8,DDR4_2400_16x4,BOPPrefetcher,64,0.032043
256,4,OFF,1,DDR4_2400_8x8,SignaturePathPrefetcher,128,0.032456
256,16,ON,8,DDR4_2400_4x16,None,64,0.032861
32,1,ON,8,DDR4_2400_8x8,AMPMPrefetcher,32,0.061799
32,4,ON,2,DDR4_2400_4x16,None,128,0.057893
128,1,OFF,1,DDR4_2400_8x8,None,128,0.129472
256,1,OFF,16,DDR4_2400_4x16,AMPMPrefetcher,64,0.089358
256,8,OFF,1,DDR4_2400_16x4,SignaturePathPrefetcher,128,0.031795
64,8,OFF,16,DDR4_2400_8x8,BOPPrefetcher,64,0.149903
512,16,ON,8,DDR3_2133_8x8,TaggedPrefetcher,64,0.032797
64,16,ON,1,DDR3_1600_8x8,TaggedPrefetcher,64,0.059709
256,8,ON,8,DDR3_2133_8x8,AMPMPrefetcher,32,0.032612
512,1,OFF,1,DDR3_1600_8x8,BOPPrefetcher,128,0.040705
256,16,OFF,2,DDR3_2133_8x8,None,64,0.032249
32,4,OFF,16,DDR4_2400_4x16,AMPMPrefetcher,32,0.161333
128,2,ON,16,DDR4_2400_16x4,BOPPrefetcher,32,0.045911
32,2,OFF,16,DDR4_2400_8x8,TaggedPrefetcher,32,0.150203
512,1,OFF,8,DDR4_2400_8x8,BOPPrefetcher,128,0.041043
128,16,ON,1,DDR4_2400_16x4,SignaturePathPrefetcher,128,0.040369
128,8,OFF,2,DDR4_2400_8x8,SignaturePathPrefetcher,64,0.060234
128,1,OFF,1,DDR3_1600_8x8,TaggedPrefetcher,64,0.110908
256,2,ON,8,DDR4_2400_16x4,SignaturePathPrefetcher,64,0.035259
256,8,ON,16,DDR4_2400_8x8,SignaturePathPrefetcher,64,0.032819
256,2,ON,1,DDR4_2400_4x16,BOPPrefetcher,32,0.032298
32,2,ON,8,DDR4_2400_4x16,TaggedPrefetcher,64,0.060255
256,2,ON,16,DDR4_2400_4x16,None,128,0.037660
256,16,OFF,4,DDR4_2400_8x8,BOPPrefetcher,128,0.031821
512,4,OFF,16,DDR4_2400_8x8,BOPPrefetcher,32,0.032680
64,1,OFF,4,DDR3_2133_8x8,SignaturePathPrefetcher,64,0.101094
512,1,OFF,2,DDR3_1600_8x8,SignaturePathPrefetcher,32,0.037993
128,4,ON,1,DDR3_2133_8x8,AMPMPrefetcher,32,0.044893
128,4,OFF,2,DDR3_1600_8x8,AMPMPrefetcher,32,0.089684
128,8,OFF,4,DDR3_2133_8x8,SignaturePathPrefetcher,32,0.062538
64,1,ON,8,DDR3_1600_8x8,TaggedPrefetcher,128,0.057432
512,4,ON,1,DDR4_2400_4x16,BOPPrefetcher,128,0.032753
32,16,OFF,2,DDR4_2400_16x4,None,64,0.149801
32,2,OFF,2,DDR4_2400_4x16,BOPPrefetcher,128,0.157376
32,16,OFF,1,DDR3_2133_8x8,AMPMPrefetcher,128,0.163510
64,16,ON,2,DDR4_2400_8x8,AMPMPrefetcher,64,0.059811
512,4,OFF,1,DDR3_1600_8x8,None,32,0.032748
256,2,ON,16,DDR3_2133_8x8,TaggedPrefetcher,128,0.041279
32,16,OFF,16,DDR4_2400_4x16,BOPPrefetcher,64,0.151647
256,2,OFF,1,DDR3_2133_8x8,BOPPrefetcher,32,0.046358
512,8,ON,1,DDR3_2133_8x8,TaggedPrefetcher,64,0.032673
128,2,ON,8,DDR4_2400_4x16,AMPMPrefetcher,64,0.042090
128,16,OFF,1,DDR3_2133_8x8,AMPMPrefetcher,32,0.096809
512,8,OFF,1,DDR3_2133_8x8,BOPPrefetcher,32,0.032455
128,4,OFF,2,DDR3_2133_8x8,BOPPrefetcher,32,0.109250
64,16,OFF,2,DDR4_2400_8x8,None,64,0.150058
64,8,OFF,4,DDR4_2400_8x8,SignaturePathPrefetcher,64,0.104947
32,8,OFF,1,DDR3_2133_8x8,SignaturePathPrefetcher,64,0.096181
32,2,OFF,1,DDR4_2400_8x8,TaggedPrefetcher,32,0.150203
64,8,OFF,2,DDR3_2133_8x8,SignaturePathPrefetcher,128,0.110306
64,8,ON,2,DDR4_2400_4x16,AMPMPrefetcher,64,0.059945
64,16,OFF,8,DDR3_2133_8x8,None,64,0.146098
32,4,ON,2,DDR3_2133_8x8,None,64,0.058015
512,16,OFF,1,DDR4_2400_4x16,BOPPrefetcher,32,0.032654
128,2,OFF,4,DDR4_2400_16x4,None,32,0.099621
32,16,OFF,8,DDR4_2400_4x16,BOPPrefetcher,32,0.153906
32,2,OFF,8,DDR3_2133_8x8,TaggedPrefetcher,32,0.147107
32,16,ON,1,DDR4_2400_4x16,SignaturePathPrefetcher,32,0.044440
64,8,ON,8,DDR3_2133_8x8,SignaturePathPrefetcher,64,0.045798
128,1,ON,8,DDR3_2133_8x8,None,128,0.049561
256,4,ON,2,DDR4_2400_16x4,BOPPrefetcher,32,0.032676
32,2,OFF,4,DDR3_2133_8x8,None,64,0.146554
64,16,ON,2,DDR3_1600_8x8,BOPPrefetcher,128,0.057398
32,16,OFF,1,DDR4_2400_16x4,TaggedPrefetcher,64,0.149938
64,8,ON,2,DDR4_2400_16x4,AMPMPrefetcher,64,0.059668
128,8,ON,2,DDR3_1600_8x8,TaggedPrefetcher,128,0.043247
128,2,ON,16,DDR3_1600_8x8,None,128,0.043652
64,4,OFF,1,DDR4_2400_8x8,TaggedPrefetcher,32,0.149908
64,8,ON,8,DDR4_2400_4x16,None,128,0.058226
256,2,ON,8,DDR4_2400_16x4,BOPPrefetcher,32,0.035208
32,4,ON,4,DDR3_2133_8x8,SignaturePathPrefetcher,64,0.044875
512,4,ON,8,DDR3_1600_8x8,SignaturePathPrefetcher,64,0.032805
32,16,OFF,1,DDR3_1600_8x8,None,128,0.160392
32,4,ON,16,DDR4_2400_16x4,BOPPrefetcher,64,0.058180
256,1,OFF,16,DDR4_2400_16x4,TaggedPrefetcher,128,0.096774
256,4,OFF,4,DDR4_2400_4x16,None,64,0.034374
256,8,OFF,2,DDR4_2400_4x16,TaggedPrefetcher,32,0.032429
128,1,ON,4,DDR3_1600_8x8,AMPMPrefetcher,128,0.048200
128,4,ON,2,DDR4_2400_16x4,SignaturePathPrefetcher,64,0.039040
64,16,OFF,4,DDR4_2400_8x8,AMPMPrefetcher,128,0.172165
128,2,OFF,2,DDR3_1600_8x8,None,128,0.096297
512,16,ON,2,DDR4_2400_8x8,AMPMPrefetcher,128,0.032774
128,1,OFF,2,DDR3_2133_8x8,TaggedPrefetcher,128,0.097646
32,4,ON,2,DDR4_2400_4x16,BOPPrefetcher,32,0.057782
32,8,ON,16,DDR4_2400_8x8,BOPPrefetcher,32,0.058096
256,16,OFF,8,DDR4_2400_4x16,AMPMPrefetcher,32,0.032480
256,8,ON,8,DDR4_2400_4x16,SignaturePathPrefetcher,64,0.032783
128,8,ON,1,DDR3_1600_8x8,AMPMPrefetcher,32,0.046567
32,16,ON,2,DDR4_2400_4x16,TaggedPrefetcher,64,0.059954
128,2,ON,2,DDR4_2400_4x16,None,128,0.043506
64,1,ON,2,DDR4_2400_4x16,AMPMPrefetcher,128,0.059226
64,2,ON,2,DDR4_2400_4x16,AMPMPrefetcher,128,0.063229
512,2,ON,16,DDR3_1600_8x8,None,128,0.032921
512,1,OFF,4,DDR3_1600_8x8,BOPPrefetcher,32,0.065462
128,1,OFF,1,DDR3_2133_8x8,BOPPrefetcher,32,0.098242
256,16,OFF,1,DDR3_1600_8x8,TaggedPrefetcher,128,0.031726
64,4,ON,2,DDR4_2400_4x16,TaggedPrefetcher,128,0.062285
512,8,OFF,4,DDR3_2133_8x8,AMPMPrefetcher,64,0.031738
64,2,OFF,8,DDR4_2400_8x8,BOPPrefetcher,32,0.149113
512,8,ON,1,DDR3_2133_8x8,SignaturePathPrefetcher,32,0.032358
32,2,ON,8,DDR3_1600_8x8,TaggedPrefetcher,128,0.062524
32,8,ON,1,DDR4_2400_16x4,AMPMPrefetcher,128,0.062973
128,1,OFF,4,DDR4_2400_16x4,SignaturePathPrefetcher,128,0.075354
32,1,OFF,16,DDR3_1600_8x8,None,64,0.157398
64,8,OFF,8,DDR3_2133_8x8,AMPMPrefetcher,128,0.166154
32,8,ON,2,DDR3_2133_8x8,None,32,0.057752
256,8,OFF,8,DDR3_2133_8x8,BOPPrefetcher,128,0.031759
64,2,OFF,4,DDR3_1600_8x8,None,64,0.150907
32,4,ON,2,DDR4_2400_4x16,TaggedPrefetcher,64,0.059857
256,1,ON,4,DDR4_2400_16x4,None,128,0.033256
256,4,ON,2,DDR4_2400_8x8,TaggedPrefetcher,32,0.032499
128,2,ON,1,DDR4_2400_16x4,AMPMPrefetcher,32,0.039522
256,1,ON,4,DDR3_2133_8x8,BOPPrefetcher,128,0.039625
64,2,ON,4,DDR4_2400_4x16,BOPPrefetcher,128,0.057381
32,16,ON,2,DDR4_2400_4x16,None,32,0.057827
64,2,OFF,2,DDR4_2400_8x8,BOPPrefetcher,64,0.149416
32,8,OFF,1,DDR4_2400_16x4,None,64,0.150705
32,1,ON,4,DDR4_2400_16x4,AMPMPrefetcher,128,0.068111
128,4,OFF,8,DDR3_1600_8x8,AMPMPrefetcher,32,0.089684
128,8,ON,8,DDR3_1600_8x8,AMPMPrefetcher,128,0.047714
512,4,OFF,1,DDR3_1600_8x8,None,128,0.031817
512,16,OFF,8,DDR3_1600_8x8,BOPPrefetcher,128,0.031766
256,4,ON,2,DDR4_2400_4x16,TaggedPrefetcher,64,0.032652
512,8,ON,4,DDR4_2400_16x4,SignaturePathPrefetcher,64,0.032740
512,8,OFF,8,DDR4_2400_8x8,SignaturePathPrefetcher,128,0.031933
32,4,ON,8,DDR4_2400_4x16,TaggedPrefetcher,128,0.062370
256,8,OFF,4,DDR4_2400_8x8,SignaturePathPrefetcher,128,0.032261
128,1,ON,8,DDR3_1600_8x8,TaggedPrefetcher,128,0.048304
256,16,ON,4,DDR3_1600_8x8,SignaturePathPrefetcher,128,0.032819
32,1,OFF,4,DDR4_2400_4x16,AMPMPrefetcher,64,0.167997
32,1,OFF,4,DDR3_2133_8x8,BOPPrefetcher,64,0.149203
128,1,ON,2,DDR3_1600_8x8,BOPPrefetcher,128,0.042921
512,8,ON,4,DDR4_2400_16x4,None,64,0.032732
512,1,ON,8,DDR4_2400_16x4,TaggedPrefetcher,64,0.038068
64,4,OFF,8,DDR4_2400_16x4,SignaturePathPrefetcher,64,0.109962
256,2,OFF,8,DDR4_2400_16x4,None,128,0.045142
512,8,ON,16,DDR4_2400_4x16,AMPMPrefetcher,32,0.032375
512,8,OFF,16,DDR3_1600_8x8,TaggedPrefetcher,64,0.031701
512,2,ON,8,DDR3_2133_8x8,None,128,0.032857
32,8,ON,8,DDR3_2133_8x8,BOPPrefetcher,64,0.058136
256,8,ON,16,DDR4_2400_8x8,AMPMPrefetcher,64,0.032839
128,2,OFF,8,DDR3_1600_8x8,AMPMPrefetcher,32,0.082630
64,2,ON,1,DDR4_2400_16x4,TaggedPrefetcher,128,0.060547
128,2,OFF,4,DDR3_1600_8x8,AMPMPrefetcher,32,0.082630
256,4,ON,2,DDR4_2400_4x16,SignaturePathPrefetcher,32,0.032496
128,16,ON,8,DDR3_1600_8x8,TaggedPrefetcher,128,0.038548
128,2,OFF,2,DDR4_2400_4x16,SignaturePathPrefetcher,64,0.067171
128,1,ON,8,DDR4_2400_8x8,TaggedPrefetcher,32,0.045554
256,4,OFF,4,DDR3_2133_8x8,BOPPrefetcher,64,0.050534
512,4,OFF,8,DDR4_2400_8x8,AMPMPrefetcher,32,0.031813
32,4,OFF,8,DDR4_2400_16x4,BOPPrefetcher,64,0.151067
128,1,ON,1,DDR3_1600_8x8,AMPMPrefetcher,32,0.044596
32,2,ON,8,DDR4_2400_4x16,TaggedPrefetcher,32,0.059163
128,16,ON,1,DDR3_2133_8x8,TaggedPrefetcher,64,0.047836
256,2,OFF,2,DDR3_1600_8x8,BOPPrefetcher,32,0.058410
128,16,ON,16,DDR4_2400_16x4,SignaturePathPrefetcher,128,0.040882
128,8,ON,8,DDR4_2400_16x4,AMPMPrefetcher,64,0.042425
64,16,OFF,4,DDR4_2400_16x4,AMPMPrefetcher,32,0.151724
256,8,ON,16,DDR4_2400_16x4,TaggedPrefetcher,128,0.032842
128,16,ON,8,DDR3_2133_8x8,None,128,0.047905
64,2,OFF,16,DDR4_2400_16x4,AMPMPrefetcher,64,0.140277
64,1,ON,16,DDR3_2133_8x8,SignaturePathPrefetcher,128,0.047759
32,1,ON,1,DDR3_1600_8x8,BOPPrefetcher,32,0.059836
512,8,ON,1,DDR4_2400_16x4,SignaturePathPrefetcher,128,0.032760
64,2,ON,4,DDR3_2133_8x8,BOPPrefetcher,128,0.057414
64,2,ON,16,DDR4_2400_8x8,SignaturePathPrefetcher,32,0.045094
128,1,ON,2,DDR4_2400_4x16,TaggedPrefetcher,32,0.047831
256,8,OFF,4,DDR4_2400_4x16,BOPPrefetcher,128,0.031750
128,8,ON,8,DDR3_1600_8x8,BOPPrefetcher,64,0.041688
256,4,ON,2,DDR3_2133_8x8,None,32,0.032591
256,1,OFF,8,DDR4_2400_8x8,AMPMPrefetcher,128,0.087561
64,8,OFF,8,DDR4_2400_8x8,None,32,0.151546
512,2,OFF,1,DDR4_2400_16x4,TaggedPrefetcher,64,0.043942
64,2,ON,2,DDR3_2133_8x8,None,32,0.056333
256,2,OFF,16,DDR4_2400_8x8,SignaturePathPrefetcher,64,0.031977
256,2,ON,1,DDR3_2133_8x8,None,64,0.032848
64,1,ON,16,DDR4_2400_16x4,None,32,0.055417
128,16,ON,16,DDR3_1600_8x8,TaggedPrefetcher,128,0.050528
64,2,OFF,16,DDR3_2133_8x8,AMPMPrefetcher,64,0.149966
128,4,OFF,4,DDR3_2133_8x8,TaggedPrefetcher,64,0.075245
64,1,ON,16,DDR3_1600_8x8,None,32,0.056541
256,4,OFF,1,DDR4_2400_4x16,None,32,0.036007
512,1,ON,8,DDR4_2400_4x16,AMPMPrefetcher,32,0.033179
256,1,ON,1,DDR4_2400_8x8,AMPMPrefetcher,128,0.052068
32,4,OFF,4,DDR4_2400_16x4,TaggedPrefetcher,128,0.172758
512,8,OFF,4,DDR4_2400_16x4,SignaturePathPrefetcher,64,0.031803
64,2,ON,16,DDR4_2400_8x8,AMPMPrefetcher,32,0.058940
256,8,OFF,4,DDR4_2400_4x16,TaggedPrefetcher,32,0.032429
64,1,ON,8,DDR4_2400_8x8,BOPPrefetcher,128,0.056421
512,8,OFF,8,DDR4_2400_4x16,TaggedPrefetcher,128,0.031856
64,1,ON,2,DDR4_2400_16x4,None,128,0.056549
256,2,OFF,1,DDR4_2400_16x4,BOPPrefetcher,128,0.068387
256,2,ON,4,DDR3_2133_8x8,None,32,0.037539
32,4,ON,16,DDR4_2400_4x16,BOPPrefetcher,128,0.057452
512,4,OFF,8,DDR4_2400_8x8,TaggedPrefetcher,128,0.031939
512,16,ON,4,DDR3_2133_8x8,SignaturePathPrefetcher,64,0.032757
256,16,ON,2,DDR3_1600_8x8,BOPPrefetcher,32,0.032455
512,8,OFF,8,DDR4_2400_8x8,AMPMPrefetcher,128,0.031922
128,16,ON,8,DDR4_2400_4x16,AMPMPrefetcher,32,0.047070
128,8,OFF,2,DDR4_2400_8x8,AMPMPrefetcher,32,0.076842
64,16,ON,16,DDR3_2133_8x8,BOPPrefetcher,64,0.058050
256,4,OFF,1,DDR3_1600_8x8,TaggedPrefetcher,64,0.033701
128,1,OFF,2,DDR3_2133_8x8,None,64,0.113886
512,16,OFF,8,DDR3_1600_8x8,TaggedPrefetcher,128,0.031892
64,2,ON,2,DDR3_1600_8x8,None,128,0.056690
512,16,ON,8,DDR4_2400_16x4,None,128,0.032847
128,16,ON,2,DDR4_2400_8x8,BOPPrefetcher,128,0.038727
32,16,ON,4,DDR4_2400_8x8,BOPPrefetcher,64,0.058150
128,1,OFF,2,DDR3_2133_8x8,None,32,0.098242
128,16,OFF,16,DDR3_2133_8x8,SignaturePathPrefetcher,64,0.068360
64,16,OFF,1,DDR3_2133_8x8,TaggedPrefetcher,128,0.165178
128,1,ON,16,DDR3_2133_8x8,AMPMPrefetcher,128,0.048587
512,2,ON,1,DDR4_2400_16x4,BOPPrefetcher,128,0.032731
128,4,ON,16,DDR3_2133_8x8,BOPPrefetcher,32,0.045827
128,16,ON,8,DDR4_2400_4x16,SignaturePathPrefetcher,128,0.039318
512,4,ON,4,DDR4_2400_4x16,BOPPrefetcher,128,0.032716
32,1,OFF,1,DDR4_2400_8x8,SignaturePathPrefetcher,32,0.114301
512,2,OFF,8,DDR3_2133_8x8,AMPMPrefetcher,64,0.043908
512,8,OFF,16,DDR3_1600_8x8,AMPMPrefetcher,64,0.031672
256,8,OFF,16,DDR4_2400_8x8,TaggedPrefetcher,32,0.032276
32,1,ON,2,DDR4_2400_4x16,BOPPrefetcher,128,0.063442
256,16,OFF,2,DDR4_2400_8x8,TaggedPrefetcher,32,0.032267
512,1,OFF,4,DDR4_2400_16x4,BOPPrefetcher,128,0.040864
256,1,ON,4,DDR3_1600_8x8,TaggedPrefetcher,128,0.036971
128,16,ON,8,DDR4_2400_16x4,TaggedPrefetcher,64,0.048302
128,16,ON,8,DDR4_2400_8x8,BOPPrefetcher,64,0.037784
256,4,ON,4,DDR3_1600_8x8,BOPPrefetcher,128,0.032796
128,4,ON,1,DDR4_2400_8x8,AMPMPrefetcher,32,0.048971
128,16,ON,4,DDR3_1600_8x8,BOPPrefetcher,64,0.047458
32,16,OFF,8,DDR3_1600_8x8,BOPPrefetcher,32,0.152805
128,2,OFF,4,DDR4_2400_8x8,TaggedPrefetcher,64,0.090707
64,16,ON,1,DDR4_2400_16x4,None,32,0.057656
32,16,OFF,16,DDR3_2133_8x8,TaggedPrefetcher,32,0.146807
512,4,OFF,8,DDR3_2133_8x8,TaggedPrefetcher,128,0.031943
32,2,ON,2,DDR4_2400_16x4,TaggedPrefetcher,32,0.058977
32,2,ON,8,DDR4_2400_16x4,SignaturePathPrefetcher,32,0.044274
32,8,ON,16,DDR4_2400_4x16,None,128,0.058169
64,2,OFF,4,DDR4_2400_16x4,None,32,0.151642
32,16,OFF,1,DDR3_1600_8x8,BOPPrefetcher,128,0.157927
64,1,OFF,2,DDR4_2400_8x8,BOPPrefetcher,64,0.134194
32,16,OFF,4,DDR4_2400_4x16,TaggedPrefetcher,128,0.173130
256,2,OFF,1,DDR3_1600_8x8,BOPPrefetcher,32,0.058410
32,1,OFF,4,DDR3_2133_8x8,AMPMPrefetcher,128,0.171738
64,2,OFF,2,DDR4_2400_8x8,None,64,0.150707
512,2,ON,4,DDR4_2400_8x8,SignaturePathPrefetcher,128,0.032872
64,1,OFF,8,DDR4_2400_4x16,TaggedPrefetcher,32,0.143860
64,4,ON,4,DDR3_1600_8x8,SignaturePathPrefetcher,32,0.044291
256,8,ON,1,DDR3_1600_8x8,SignaturePathPrefetcher,32,0.032407
256,16,OFF,16,DDR4_2400_16x4,AMPMPrefetcher,64,0.031703
256,16,OFF,8,DDR4_2400_16x4,TaggedPrefetcher,32,0.032277
32,4,OFF,2,DDR3_1600_8x8,SignaturePathPrefetcher,32,0.104321
64,4,OFF,16,DDR3_1600_8x8,TaggedPrefetcher,128,0.172222
128,8,OFF,8,DDR3_2133_8x8,None,64,0.098299
128,1,ON,2,DDR3_1600_8x8,None,32,0.044914
32,8,OFF,2,DDR4_2400_4x16,BOPPrefetcher,64,0.151639
512,2,ON,8,DDR3_1600_8x8,SignaturePathPrefetcher,64,0.032851
64,8,OFF,2,DDR4_2400_8x8,BOPPrefetcher,32,0.151546
256,2,ON,8,DDR4_2400_8x8,AMPMPrefetcher,64,0.040359
32,16,OFF,1,DDR4_2400_8x8,BOPPrefetcher,64,0.149523
128,1,OFF,8,DDR4_2400_16x4,SignaturePathPrefetcher,64,0.068708
128,8,OFF,8,DDR3_2133_8x8,BOPPrefetcher,32,0.107915
64,8,ON,16,DDR4_2400_4x16,BOPPrefetcher,128,0.057436
256,1,ON,4,DDR4_2400_8x8,TaggedPrefetcher,64,0.038085
512,4,ON,16,DDR4_2400_4x16,None,128,0.032845
512,2,OFF,4,DDR4_2400_8x8,SignaturePathPrefetcher,32,0.031976
32,8,OFF,16,DDR4_2400_16x4,AMPMPrefetcher,128,0.171308
32,4,ON,4,DDR3_1600_8x8,None,64,0.058095
256,16,OFF,2,DDR4_2400_16x4,SignaturePathPrefetcher,128,0.031801
512,1,ON,16,DDR3_2133_8x8,AMPMPrefetcher,64,0.036469
64,8,ON,16,DDR4_2400_16x4,AMPMPrefetcher,128,0.063340
512,2,ON,1,DDR3_1600_8x8,BOPPrefetcher,128,0.032711
32,4,OFF,8,DDR4_2400_8x8,BOPPrefetcher,64,0.150576
64,8,OFF,16,DDR4_2400_16x4,BOPPrefetcher,64,0.149420
512,16,ON,4,DDR4_2400_4x16,None,128,0.032816
64,8,OFF,2,DDR3_1600_8x8,BOPPrefetcher,32,0.152413
64,4,ON,1,DDR3_2133_8x8,SignaturePathPrefetcher,32,0.044503
256,8,ON,4,DDR3_1600_8x8,BOPPrefetcher,32,0.032717
32,1,ON,8,DDR4_2400_8x8,AMPMPrefetcher,64,0.063416
512,2,ON,1,DDR4_2400_16x4,SignaturePathPrefetcher,32,0.032240
128,16,ON,16,DDR4_2400_8x8,SignaturePathPrefetcher,128,0.041222
512,2,ON,16,DDR3_2133_8x8,TaggedPrefetcher,64,0.032827
64,16,ON,8,DDR4_2400_4x16,None,64,0.058188
64,4,ON,8,DDR3_2133_8x8,AMPMPrefetcher,64,0.060144
32,8,ON,1,DDR3_2133_8x8,AMPMPrefetcher,64,0.060240
256,16,OFF,8,DDR3_2133_8x8,BOPPrefetcher,128,0.031590
256,8,ON,2,DDR3_1600_8x8,AMPMPrefetcher,64,0.032704
64,8,OFF,4,DDR3_1600_8x8,None,64,0.151067
32,2,ON,16,DDR3_1600_8x8,BOPPrefetcher,32,0.058271
256,16,OFF,8,DDR4_2400_8x8,BOPPrefetcher,64,0.032104
64,2,ON,8,DDR3_2133_8x8,None,32,0.058040
128,1,ON,1,DDR3_1600_8x8,None,128,0.045283
64,2,OFF,1,DDR4_2400_4x16,None,128,0.155548
64,2,ON,16,DDR3_2133_8x8,None,64,0.058236
512,8,OFF,8,DDR4_2400_8x8,None,64,0.031592
256,2,OFF,16,DDR4_2400_16x4,BOPPrefetcher,64,0.067157
64,4,ON,4,DDR4_2400_8x8,None,128,0.058133
512,8,ON,4,DDR4_2400_4x16,BOPPrefetcher,32,0.032583
512,16,ON,8,DDR3_2133_8x8,TaggedPrefetcher,32,0.032678
512,2,ON,4,DDR4_2400_16x4,SignaturePathPrefetcher,128,0.034019
256,1,ON,1,DDR3_1600_8x8,TaggedPrefetcher,64,0.037821
32,4,ON,1,DDR4_2400_4x16,BOPPrefetcher,64,0.057894
128,4,OFF,16,DDR3_2133_8x8,SignaturePathPrefetcher,32,0.077899
128,2,ON,8,DDR4_2400_8x8,None,64,0.045802
128,16,ON,8,DDR4_2400_8x8,None,32,0.047826
512,2,ON,16,DDR3_2133_8x8,SignaturePathPrefetcher,128,0.032918
512,1,OFF,1,DDR3_2133_8x8,SignaturePathPrefetcher,128,0.046259
512,8,OFF,1,DDR4_2400_4x16,BOPPrefetcher,64,0.031611
512,2,OFF,1,DDR3_1600_8x8,None,64,0.032418
128,16,OFF,1,DDR3_1600_8x8,AMPMPrefetcher,128,0.108036
64,16,OFF,16,DDR3_2133_8x8,AMPMPrefetcher,128,0.162844
512,1,ON,2,DDR4_2400_8x8,TaggedPrefetcher,128,0.034701
32,8,OFF,2,DDR4_2400_16x4,None,32,0.152108
32,16,ON,1,DDR4_2400_8x8,None,32,0.057672
64,2,ON,1,DDR3_2133_8x8,TaggedPrefetcher,64,0.058667
512,1,OFF,2,DDR3_1600_8x8,BOPPrefetcher,128,0.040705
32,2,OFF,1,DDR3_1600_8x8,TaggedPrefetcher,64,0.151788
256,1,ON,2,DDR4_2400_16x4,AMPMPrefetcher,32,0.036767
256,2,ON,1,DDR4_2400_16x4,SignaturePathPrefetcher,64,0.032477
512,2,ON,8,DDR3_1600_8x8,BOPPrefetcher,64,0.032570
128,8,ON,16,DDR3_1600_8x8,BOPPrefetcher,64,0.047754
32,4,OFF,4,DDR4_2400_16x4,TaggedPrefetcher,64,0.149027
128,8,ON,16,DDR3_1600_8x8,SignaturePathPrefetcher,32,0.038108
64,16,ON,16,DDR4_2400_4x16,None,128,0.058256
128,8,OFF,1,DDR4_2400_8x8,SignaturePathPrefetcher,32,0.053494
64,16,ON,1,DDR3_2133_8x8,None,32,0.057538
512,2,ON,16,DDR4_2400_4x16,TaggedPrefetcher,128,0.032900
32,1,ON,2,DDR3_2133_8x8,AMPMPrefetcher,32,0.061537
512,2,ON,4,DDR4_2400_16x4,BOPPrefetcher,128,0.032820
512,2,OFF,8,DDR4_2400_4x16,None,32,0.034014
32,1,OFF,8,DDR4_2400_8x8,SignaturePathPrefetcher,32,0.114301
512,8,OFF,16,DDR3_1600_8x8,BOPPrefetcher,128,0.031810
128,4,OFF,2,DDR4_2400_16x4,TaggedPrefetcher,64,0.113242
128,4,OFF,4,DDR4_2400_8x8,TaggedPrefetcher,32,0.077851
512,8,ON,8,DDR4_2400_4x16,BOPPrefetcher,128,0.032846
64,2,ON,16,DDR4_2400_4x16,SignaturePathPrefetcher,128,0.044271
64,8,ON,16,DDR4_2400_16x4,None,64,0.058237
32,4,OFF,1,DDR4_2400_4x16,TaggedPrefetcher,32,0.152178
64,2,OFF,2,DDR3_1600_8x8,TaggedPrefetcher,32,0.152145
64,4,OFF,8,DDR3_2133_8x8,None,128,0.154036
128,16,ON,8,DDR4_2400_8x8,TaggedPrefetcher,64,0.037915
128,2,ON,16,DDR4_2400_4x16,BOPPrefetcher,128,0.042670
32,4,OFF,1,DDR4_2400_4x16,SignaturePathPrefetcher,128,0.126843
256,4,ON,16,DDR3_1600_8x8,BOPPrefetcher,64,0.033131
128,2,ON,16,DDR4_2400_4x16,SignaturePathPrefetcher,128,0.038789
512,4,ON,8,DDR4_2400_4x16,BOPPrefetcher,128,0.032818
128,8,OFF,1,DDR4_2400_8x8,TaggedPrefetcher,32,0.108522
32,16,ON,2,DDR3_1600_8x8,None,128,0.057881
32,16,ON,1,DDR4_2400_4x16,TaggedPrefetcher,32,0.058805
64,8,ON,1,DDR3_1600_8x8,SignaturePathPrefetcher,64,0.044670
512,8,OFF,2,DDR4_2400_16x4,TaggedPrefetcher,32,0.031717
128,4,OFF,8,DDR4_2400_8x8,SignaturePathPrefetcher,128,0.076116
256,2,ON,1,DDR3_1600_8x8,None,128,0.038211
256,1,ON,16,DDR3_1600_8x8,BOPPrefetcher,128,0.034842
256,1,OFF,8,DDR4_2400_4x16,BOPPrefetcher,32,0.091466
512,8,ON,16,DDR4_2400_8x8,AMPMPrefetcher,64,0.032830
256,8,OFF,16,DDR4_2400_4x16,AMPMPrefetcher,128,0.031700
64,16,OFF,1,DDR4_2400_4x16,TaggedPrefetcher,128,0.173295
64,4,OFF,16,DDR4_2400_4x16,None,64,0.151289
64,8,OFF,4,DDR4_2400_16x4,AMPMPrefetcher,32,0.152704
32,8,ON,16,DDR4_2400_8x8,None,128,0.058155
64,2,OFF,2,DDR4_2400_16x4,BOPPrefetcher,32,0.145418
512,4,OFF,4,DDR3_1600_8x8,None,64,0.031726
256,2,ON,2,DDR3_1600_8x8,TaggedPrefetcher,128,0.033080
128,2,ON,16,DDR4_2400_8x8,TaggedPrefetcher,64,0.044477
64,8,OFF,16,DDR4_2400_16x4,SignaturePathPrefetcher,64,0.099386
32,1,ON,8,DDR3_1600_8x8,None,64,0.060465
64,2,ON,2,DDR3_2133_8x8,BOPPrefetcher,128,0.055943
64,2,ON,4,DDR4_2400_8x8,None,64,0.055910
256,1,ON,16,DDR3_2133_8x8,SignaturePathPrefetcher,32,0.036037
64,16,OFF,4,DDR3_2133_8x8,AMPMPrefetcher,64,0.149551
64,2,OFF,8,DDR3_2133_8x8,AMPMPrefetcher,32,0.144006
128,16,ON,8,DDR4_2400_16x4,BOPPrefetcher,64,0.048322
256,1,ON,1,DDR3_1600_8x8,AMPMPrefetcher,32,0.036697
256,4,ON,4,DDR4_2400_4x16,None,32,0.032695
128,2,OFF,1,DDR3_2133_8x8,BOPPrefetcher,64,0.082661
32,2,OFF,4,DDR4_2400_4x16,SignaturePathPrefetcher,64,0.107000
32,8,ON,2,DDR4_2400_8x8,AMPMPrefetcher,128,0.063394
256,8,OFF,16,DDR4_2400_16x4,None,32,0.033762
256,4,ON,1,DDR4_2400_4x16,TaggedPrefetcher,64,0.032439
128,8,OFF,16,DDR3_1600_8x8,TaggedPrefetcher,32,0.109397
512,2,ON,2,DDR4_2400_16x4,TaggedPrefetcher,64,0.032776
64,8,ON,2,DDR4_2400_8x8,TaggedPrefetcher,64,0.060078
512,16,OFF,4,DDR4_2400_8x8,TaggedPrefetcher,64,0.031809
64,1,ON,1,DDR3_2133_8x8,BOPPrefetcher,64,0.052600
512,2,OFF,2,DDR4_2400_8x8,AMPMPrefetcher,128,0.046194
512,2,OFF,1,DDR4_2400_8x8,TaggedPrefetcher,32,0.032573
64,2,OFF,8,DDR3_1600_8x8,BOPPrefetcher,32,0.147285
256,16,OFF,4,DDR4_2400_16x4,TaggedPrefetcher,128,0.031837
256,4,ON,4,DDR3_1600_8x8,SignaturePathPrefetcher,32,0.032660
128,8,ON,1,DDR4_2400_16x4,BOPPrefetcher,32,0.041753
32,8,OFF,8,DDR4_2400_8x8,TaggedPrefetcher,64,0.150742
256,2,ON,8,DDR4_2400_8x8,None,128,0.037752
512,2,OFF,16,DDR3_1600_8x8,BOPPrefetcher,64,0.043601
64,2,OFF,8,DDR4_2400_8x8,None,64,0.150707
32,4,ON,1,DDR4_2400_16x4,SignaturePathPrefetcher,128,0.044741
128,2,OFF,1,DDR4_2400_4x16,AMPMPrefetcher,128,0.110758
64,2,OFF,8,DDR4_2400_16x4,BOPPrefetcher,64,0.142981
32,16,ON,1,DDR4_2400_16x4,SignaturePathPrefetcher,64,0.044688
512,2,OFF,16,DDR4_2400_4x16,None,32,0.034014
256,1,OFF,16,DDR4_2400_4x16,SignaturePathPrefetcher,128,0.067636
512,4,ON,1,DDR3_1600_8x8,SignaturePathPrefetcher,128,0.032749
256,1,ON,4,DDR4_2400_8x8,SignaturePathPrefetcher,32,0.034556
512,8,ON,1,DDR3_1600_8x8,TaggedPrefetcher,64,0.032661
512,2,ON,16,DDR3_2133_8x8,TaggedPrefetcher,32,0.032501
512,1,ON,2,DDR3_1600_8x8,None,128,0.041491
64,4,OFF,16,DDR3_2133_8x8,None,32,0.147500
128,4,ON,8,DDR4_2400_8x8,SignaturePathPrefetcher,32,0.039394
128,1,OFF,1,DDR4_2400_8x8,SignaturePathPrefetcher,32,0.069243
512,4,OFF,2,DDR4_2400_8x8,BOPPrefetcher,32,0.032680
32,8,ON,4,DDR4_2400_8x8,BOPPrefetcher,64,0.058093
32,8,OFF,4,DDR3_1600_8x8,SignaturePathPrefetcher,32,0.108105
64,2,OFF,16,DDR4_2400_16x4,None,32,0.151642
32,8,OFF,4,DDR4_2400_8x8,None,64,0.151156
32,4,OFF,16,DDR4_2400_16x4,AMPMPrefetcher,128,0.171621
128,16,OFF,8,DDR3_1600_8x8,TaggedPrefetcher,128,0.115898
64,1,OFF,8,DDR4_2400_16x4,TaggedPrefetcher,64,0.135634
256,1,ON,16,DDR4_2400_4x16,AMPMPrefetcher,64,0.041822
128,2,OFF,2,DDR4_2400_16x4,TaggedPrefetcher,32,0.085424
256,1,OFF,16,DDR3_2133_8x8,SignaturePathPrefetcher,128,0.065590
128,2,ON,4,DDR4_2400_4x16,BOPPrefetcher,64,0.047151
128,2,ON,8,DDR3_1600_8x8,None,32,0.046454
128,16,OFF,16,DDR4_2400_16x4,TaggedPrefetcher,32,0.101645
512,4,ON,4,DDR4_2400_16x4,AMPMPrefetcher,128,0.032820
512,16,OFF,2,DDR4_2400_8x8,SignaturePathPrefetcher,64,0.031784
512,2,OFF,8,DDR4_2400_8x8,TaggedPrefetcher,64,0.032105
256,2,ON,8,DDR4_2400_16x4,TaggedPrefetcher,32,0.032995
512,2,OFF,2,DDR4_2400_4x16,AMPMPrefetcher,32,0.044600
512,8,OFF,2,DDR4_2400_4x16,None,64,0.031585
512,1,OFF,1,DDR4_2400_8x8,BOPPrefetcher,128,0.041043
32,8,OFF,1,DDR3_1600_8x8,None,128,0.161918
128,4,OFF,1,DDR4_2400_4x16,BOPPrefetcher,128,0.096197
512,16,ON,2,DDR3_1600_8x8,TaggedPrefetcher,64,0.032654
256,1,OFF,1,DDR4_2400_4x16,TaggedPrefetcher,64,0.107873
512,2,ON,8,DDR3_1600_8x8,TaggedPrefetcher,128,0.032897
64,1,ON,2,DDR4_2400_16x4,AMPMPrefetcher,32,0.057941
32,1,OFF,8,DDR4_2400_4x16,AMPMPrefetcher,64,0.167997
64,4,OFF,4,DDR3_1600_8x8,BOPPrefetcher,128,0.157554
256,8,ON,2,DDR3_1600_8x8,TaggedPrefetcher,64,0.032679
256,2,ON,2,DDR4_2400_4x16,BOPPrefetcher,64,0.039927
128,8,OFF,8,DDR4_2400_16x4,TaggedPrefetcher,32,0.081148
256,1,OFF,16,DDR4_2400_8x8,BOPPrefetcher,64,0.064871
32,1,OFF,4,DDR4_2400_4x16,SignaturePathPrefetcher,64,0.107973
256,2,ON,16,DDR4_2400_8x8,SignaturePathPrefetcher,64,0.036047
32,4,ON,8,DDR4_2400_8x8,BOPPrefetcher,128,0.057366
512,16,ON,4,DDR3_1600_8x8,BOPPrefetcher,32,0.032493
32,8,OFF,8,DDR3_2133_8x8,TaggedPrefetcher,32,0.146204
32,1,OFF,8,DDR4_2400_16x4,SignaturePathPrefetcher,32,0.114715
64,1,ON,4,DDR4_2400_16x4,AMPMPrefetcher,128,0.059776
128,8,OFF,1,DDR3_2133_8x8,SignaturePathPrefetcher,32,0.062538
512,2,OFF,8,DDR4_2400_16x4,TaggedPrefetcher,128,0.047358
64,4,OFF,1,DDR4_2400_4x16,AMPMPrefetcher,64,0.156709
32,4,ON,8,DDR4_2400_4x16,None,32,0.058085
512,2,ON,16,DDR4_2400_4x16,BOPPrefetcher,32,0.032747
128,2,OFF,4,DDR4_2400_16x4,BOPPrefetcher,64,0.094282
64,16,ON,16,DDR3_2133_8x8,None,128,0.058262
256,16,ON,2,DDR4_2400_4x16,SignaturePathPrefetcher,64,0.032653
64,4,OFF,4,DDR4_2400_16x4,TaggedPrefetcher,32,0.149973
64,2,OFF,2,DDR4_2400_16x4,AMPMPrefetcher,64,0.140277
32,8,ON,1,DDR4_2400_8x8,AMPMPrefetcher,128,0.063315
128,16,OFF,4,DDR4_2400_16x4,TaggedPrefetcher,32,0.101645
256,4,ON,8,DDR4_2400_8x8,SignaturePathPrefetcher,64,0.032810
256,16,OFF,1,DDR4_2400_16x4,AMPMPrefetcher,128,0.031847
256,2,ON,1,DDR4_2400_16x4,BOPPrefetcher,32,0.034835
128,2,OFF,8,DDR3_2133_8x8,SignaturePathPrefetcher,64,0.068535
128,4,OFF,1,DDR4_2400_8x8,TaggedPrefetcher,64,0.075043
128,1,OFF,1,DDR3_1600_8x8,BOPPrefetcher,64,0.078080
512,1,ON,4,DDR3_2133_8x8,None,64,0.035926
64,8,OFF,2,DDR3_2133_8x8,BOPPrefetcher,64,0.145150
64,16,OFF,8,DDR4_2400_8x8,TaggedPrefetcher,64,0.149531
64,4,OFF,16,DDR4_2400_4x16,TaggedPrefetcher,32,0.152445
64,4,ON,2,DDR4_2400_4x16,SignaturePathPrefetcher,64,0.044107
128,2,ON,1,DDR4_2400_8x8,AMPMPrefetcher,64,0.044934
256,1,OFF,1,DDR4_2400_8x8,AMPMPrefetcher,32,0.114190
256,8,ON,1,DDR4_2400_8x8,TaggedPrefetcher,32,0.032392
32,8,OFF,8,DDR4_2400_4x16,TaggedPrefetcher,64,0.151381
128,16,ON,1,DDR3_2133_8x8,SignaturePathPrefetcher,64,0.040290
128,4,ON,1,DDR3_1600_8x8,BOPPrefetcher,32,0.046304
32,1,OFF,1,DDR3_1600_8x8,TaggedPrefetcher,32,0.156784
256,4,OFF,4,DDR4_2400_16x4,TaggedPrefetcher,64,0.051552
256,1,ON,1,DDR4_2400_16x4,SignaturePathPrefetcher,64,0.039913
128,4,OFF,16,DDR3_1600_8x8,SignaturePathPrefetcher,32,0.072207
128,2,OFF,8,DDR3_1600_8x8,SignaturePathPrefetcher,32,0.063822
512,8,OFF,4,DDR3_1600_8x8,None,32,0.032591
32,1,OFF,8,DDR3_1600_8x8,TaggedPrefetcher,64,0.156504
64,4,OFF,8,DDR3_2133_8x8,BOPPrefetcher,64,0.146208
512,16,OFF,2,DDR4_2400_16x4,TaggedPrefetcher,32,0.031688
256,8,ON,16,DDR3_1600_8x8,SignaturePathPrefetcher,128,0.032881
32,2,ON,2,DDR3_1600_8x8,TaggedPrefetcher,32,0.058972
512,1,ON,2,DDR3_2133_8x8,TaggedPrefetcher,32,0.032569
64,2,OFF,8,DDR3_1600_8x8,SignaturePathPrefetcher,128,0.110732
64,16,ON,16,DDR3_1600_8x8,SignaturePathPrefetcher,32,0.044347
128,1,ON,2,DDR4_2400_8x8,AMPMPrefetcher,64,0.047704
512,8,ON,1,DDR3_1600_8x8,BOPPrefetcher,128,0.032801
128,8,ON,16,DDR4_2400_16x4,BOPPrefetcher,32,0.042143
256,2,OFF,4,DDR4_2400_4x16,None,128,0.033049
512,8,OFF,8,DDR3_2133_8x8,SignaturePathPrefetcher,64,0.031746
512,2,ON,4,DDR4_2400_4x16,SignaturePathPrefetcher,32,0.032523
32,2,ON,8,DDR3_2133_8x8,BOPPrefetcher,64,0.058256
512,1,ON,1,DDR3_1600_8x8,AMPMPrefetcher,32,0.035718
256,1,ON,8,DDR4_2400_4x16,BOPPrefetcher,32,0.045507
32,2,ON,8,DDR3_2133_8x8,AMPMPrefetcher,32,0.059517
32,4,OFF,1,DDR3_1600_8x8,BOPPrefetcher,32,0.153497
512,2,ON,1,DDR4_2400_8x8,SignaturePathPrefetcher,32,0.032365
128,4,ON,16,DDR4_2400_16x4,BOPPrefetcher,32,0.041897
32,8,ON,16,DDR3_2133_8x8,BOPPrefetcher,32,0.058136
32,4,OFF,2,DDR3_1600_8x8,BOPPrefetcher,32,0.153497
64,4,ON,8,DDR3_1600_8x8,BOPPrefetcher,64,0.058053
64,8,OFF,16,DDR3_1600_8x8,BOPPrefetcher,64,0.149937
32,1,ON,8,DDR4_2400_4x16,None,64,0.060041
128,2,ON,2,DDR4_2400_8x8,AMPMPrefetcher,64,0.045874
128,2,OFF,2,DDR4_2400_4x16,None,64,0.079782
32,8,OFF,8,DDR3_1600_8x8,TaggedPrefetcher,128,0.171407
128,2,ON,4,DDR3_1600_8x8,BOPPrefetcher,128,0.041030
512,16,OFF,2,DDR3_1600_8x8,SignaturePathPrefetcher,32,0.031813
512,8,OFF,1,DDR3_1600_8x8,AMPMPrefetcher,32,0.031877
32,2,ON,1,DDR4_2400_8x8,AMPMPrefetcher,64,0.060247
512,16,OFF,2,DDR4_2400_16x4,SignaturePathPrefetcher,128,0.031909
32,16,ON,2,DDR4_2400_16x4,AMPMPrefetcher,128,0.063603
64,2,OFF,16,DDR3_1600_8x8,AMPMPrefetcher,32,0.155280
32,16,OFF,8,DDR4_2400_16x4,None,32,0.151781
64,16,ON,8,DDR4_2400_16x4,None,32,0.058070
512,1,OFF,1,DDR4_2400_8x8,None,128,0.058332
64,4,ON,16,DDR4_2400_16x4,BOPPrefetcher,32,0.058117
64,4,ON,2,DDR4_2400_4x16,TaggedPrefetcher,32,0.058988
256,2,ON,2,DDR4_2400_16x4,None,128,0.042434
128,2,OFF,16,DDR3_1600_8x8,None,64,0.105706
256,16,OFF,2,DDR4_2400_8x8,AMPMPrefetcher,128,0.031869
512,2,ON,4,DDR4_2400_8x8,SignaturePathPrefetcher,64,0.032723
128,8,ON,16,DDR3_2133_8x8,BOPPrefetcher,64,0.041935
512,1,ON,1,DDR3_2133_8x8,TaggedPrefetcher,128,0.034785
128,1,ON,2,DDR3_1600_8x8,SignaturePathPrefetcher,64,0.040096
512,2,ON,16,DDR4_2400_4x16,None,32,0.032747
64,4,ON,8,DDR3_2133_8x8,SignaturePathPrefetcher,64,0.043988
128,8,ON,1,DDR3_2133_8x8,BOPPrefetcher,128,0.047200
32,1,OFF,16,DDR3_2133_8x8,None,32,0.152654
64,16,OFF,8,DDR3_2133_8x8,TaggedPrefetcher,32,0.147059
64,8,ON,2,DDR4_2400_4x16,BOPPrefetcher,32,0.057702
128,4,OFF,1,DDR4_2400_16x4,None,128,0.103353
32,16,ON,1,DDR3_1600_8x8,None,64,0.058028
128,4,OFF,2,DDR4_2400_8x8,SignaturePathPrefetcher,64,0.062537
512,2,OFF,1,DDR3_2133_8x8,TaggedPrefetcher,64,0.043721
512,4,ON,8,DDR4_2400_8x8,TaggedPrefetcher,32,0.032701
256,8,ON,1,DDR4_2400_8x8,None,128,0.032513
32,2,ON,4,DDR3_2133_8x8,SignaturePathPrefetcher,32,0.044419
128,4,OFF,16,DDR4_2400_8x8,SignaturePathPrefetcher,64,0.062537
32,1,OFF,8,DDR4_2400_4x16,BOPPrefetcher,64,0.156944
128,2,ON,16,DDR3_1600_8x8,TaggedPrefetcher,32,0.045381
32,8,ON,8,DDR4_2400_16x4,AMPMPrefetcher,128,0.063375
32,4,OFF,8,DDR4_2400_8x8,BOPPrefetcher,128,0.156931
512,16,ON,4,DDR3_2133_8x8,None,32,0.032618
256,16,ON,8,DDR3_1600_8x8,SignaturePathPrefetcher,128,0.032844
128,1,ON,16,DDR3_2133_8x8,SignaturePathPrefetcher,32,0.040007
64,16,OFF,16,DDR3_1600_8x8,SignaturePathPrefetcher,32,0.105794
256,2,ON,16,DDR3_2133_8x8,None,128,0.035468
128,1,OFF,8,DDR3_1600_8x8,TaggedPrefetcher,128,0.146290
64,2,OFF,4,DDR3_1600_8x8,TaggedPrefetcher,64,0.151163
64,16,ON,16,DDR4_2400_4x16,SignaturePathPrefetcher,64,0.045485
256,1,OFF,8,DDR4_2400_8x8,None,32,0.096367
256,1,OFF,16,DDR4_2400_16x4,TaggedPrefetcher,32,0.042991
32,2,ON,16,DDR3_1600_8x8,AMPMPrefetcher,64,0.060359
512,8,OFF,16,DDR4_2400_4x16,AMPMPrefetcher,64,0.031664
256,4,OFF,16,DDR3_2133_8x8,AMPMPrefetcher,128,0.032861
32,1,OFF,2,DDR4_2400_16x4,None,64,0.151656
256,2,ON,1,DDR4_2400_8x8,AMPMPrefetcher,32,0.032603
64,4,OFF,4,DDR4_2400_8x8,TaggedPrefetcher,64,0.149912
128,4,OFF,8,DDR3_1600_8x8,TaggedPrefetcher,128,0.099799
128,8,OFF,8,DDR4_2400_4x16,BOPPrefetcher,128,0.079908
32,2,OFF,8,DDR3_1600_8x8,BOPPrefetcher,64,0.150974
128,8,OFF,2,DDR4_2400_4x16,None,64,0.104153
256,16,OFF,2,DDR3_2133_8x8,AMPMPrefetcher,64,0.031651
256,16,ON,4,DDR4_2400_4x16,None,32,0.032454
32,4,ON,8,DDR3_2133_8x8,TaggedPrefetcher,128,0.062367
128,8,OFF,1,DDR4_2400_16x4,BOPPrefetcher,32,0.117877
512,16,OFF,16,DDR3_2133_8x8,AMPMPrefetcher,32,0.031761
512,16,OFF,1,DDR4_2400_4x16,SignaturePathPrefetcher,128,0.031824
32,2,ON,2,DDR3_1600_8x8,BOPPrefetcher,64,0.058179
128,2,ON,2,DDR3_1600_8x8,AMPMPrefetcher,64,0.041279
512,16,OFF,16,DDR4_2400_16x4,TaggedPrefetcher,128,0.031930
32,4,ON,8,DDR4_2400_16x4,SignaturePathPrefetcher,32,0.044761
128,4,OFF,4,DDR3_2133_8x8,AMPMPrefetcher,64,0.078646
128,4,OFF,2,DDR4_2400_16x4,BOPPrefetcher,64,0.093296
256,2,ON,16,DDR4_2400_4x16,AMPMPrefetcher,64,0.035612
64,1,ON,1,DDR3_2133_8x8,None,128,0.055491
512,16,ON,4,DDR3_2133_8x8,None,128,0.032815
64,8,OFF,2,DDR4_2400_4x16,None,128,0.162302
128,16,OFF,1,DDR4_2400_4x16,AMPMPrefetcher,32,0.070939
32,8,ON,2,DDR3_2133_8x8,SignaturePathPrefetcher,64,0.045064
512,16,ON,2,DDR3_1600_8x8,SignaturePathPrefetcher,64,0.032708
64,16,OFF,1,DDR3_1600_8x8,BOPPrefetcher,64,0.150403
32,16,ON,1,DDR4_2400_4x16,TaggedPrefetcher,64,0.060091
32,8,OFF,2,DDR3_2133_8x8,TaggedPrefetcher,128,0.164399
128,2,ON,2,DDR3_2133_8x8,BOPPrefetcher,128,0.043269
256,16,ON,1,DDR3_1600_8x8,None,32,0.032135
128,16,ON,1,DDR4_2400_8x8,TaggedPrefetcher,32,0.038025
32,2,OFF,2,DDR4_2400_16x4,None,128,0.160830
256,16,OFF,1,DDR4_2400_16x4,BOPPrefetcher,32,0.033722
128,16,ON,16,DDR4_2400_8x8,BOPPrefetcher,128,0.046805
32,8,ON,4,DDR4_2400_16x4,None,128,0.058129
128,4,OFF,16,DDR3_1600_8x8,BOPPrefetcher,128,0.064509
32,4,ON,4,DDR4_2400_4x16,SignaturePathPrefetcher,32,0.044178
64,1,OFF,4,DDR4_2400_8x8,TaggedPrefetcher,32,0.135676
256,1,ON,1,DDR4_2400_8x8,None,64,0.039647
128,4,OFF,8,DDR4_2400_16x4,None,64,0.061923
256,8,ON,8,DDR3_2133_8x8,None,32,0.032979
256,16,OFF,1,DDR3_2133_8x8,BOPPrefetcher,32,0.033685
32,2,OFF,4,DDR3_2133_8x8,BOPPrefetcher,128,0.151307
32,16,ON,1,DDR4_2400_4x16,SignaturePathPrefetcher,128,0.046414
32,8,OFF,8,DDR3_1600_8x8,BOPPrefetcher,32,0.153294
64,1,OFF,4,DDR4_2400_4x16,None,64,0.136677
64,16,OFF,1,DDR3_1600_8x8,BOPPrefetcher,32,0.152420
64,1,ON,2,DDR4_2400_16x4,AMPMPrefetcher,64,0.059757
32,8,ON,8,DDR3_1600_8x8,BOPPrefetcher,32,0.058032
256,4,OFF,16,DDR4_2400_8x8,None,32,0.034897
128,16,OFF,1,DDR3_2133_8x8,SignaturePathPrefetcher,64,0.068360
64,1,OFF,8,DDR4_2400_8x8,BOPPrefetcher,128,0.139362
128,8,OFF,1,DDR3_1600_8x8,TaggedPrefetcher,32,0.109397
64,4,ON,8,DDR3_2133_8x8,AMPMPrefetcher,32,0.058453
32,4,OFF,2,DDR4_2400_8x8,TaggedPrefetcher,64,0.150193
512,2,ON,8,DDR4_2400_16x4,None,32,0.032756
64,4,ON,16,DDR4_2400_4x16,TaggedPrefetcher,32,0.059132
32,4,ON,2,DDR4_2400_8x8,TaggedPrefetcher,64,0.059932
256,8,OFF,8,DDR4_2400_8x8,AMPMPrefetcher,32,0.032358
512,16,ON,8,DDR3_1600_8x8,AMPMPrefetcher,128,0.032857
64,4,ON,2,DDR4_2400_4x16,SignaturePathPrefetcher,32,0.043959
512,4,ON,4,DDR4_2400_8x8,None,32,0.032531
512,1,OFF,2,DDR3_2133_8x8,None,128,0.056199
256,8,ON,1,DDR3_1600_8x8,TaggedPrefetcher,128,0.032791
64,4,OFF,16,DDR4_2400_8x8,AMPMPrefetcher,128,0.172498
128,2,ON,4,DDR3_1600_8x8,AMPMPrefetcher,128,0.050445
512,16,ON,16,DDR4_2400_16x4,TaggedPrefetcher,128,0.032835
512,16,OFF,2,DDR3_2133_8x8,BOPPrefetcher,128,0.031892
64,16,ON,1,DDR4_2400_8x8,TaggedPrefetcher,64,0.059785
256,2,ON,1,DDR4_2400_16x4,BOPPrefetcher,64,0.037464
512,16,OFF,16,DDR3_1600_8x8,SignaturePathPrefetcher,32,0.031813
32,16,ON,1,DDR4_2400_4x16,BOPPrefetcher,128,0.057364
32,4,ON,8,DDR4_2400_8x8,TaggedPrefetcher,64,0.060179
32,16,ON,1,DDR4_2400_8x8,SignaturePathPrefetcher,32,0.044221
256,2,OFF,2,DDR4_2400_4x16,BOPPrefetcher,64,0.045578
256,1,ON,2,DDR4_2400_8x8,None,32,0.040867
32,1,ON,1,DDR4_2400_4x16,AMPMPrefetcher,32,0.061826
512,1,ON,4,DDR4_2400_4x16,TaggedPrefetcher,128,0.032942
64,8,OFF,1,DDR3_1600_8x8,SignaturePathPrefetcher,32,0.116584
32,1,OFF,2,DDR4_2400_4x16,None,64,0.155564
256,8,OFF,2,DDR4_2400_8x8,SignaturePathPrefetcher,64,0.031676
256,2,OFF,1,DDR3_2133_8x8,SignaturePathPrefetcher,32,0.039947
64,4,OFF,1,DDR3_1600_8x8,SignaturePathPrefetcher,32,0.114111
512,16,OFF,4,DDR4_2400_16x4,AMPMPrefetcher,128,0.031908
64,8,ON,1,DDR4_2400_16x4,None,64,0.057955
128,16,ON,8,DDR3_1600_8x8,SignaturePathPrefetcher,64,0.039723
32,8,ON,16,DDR3_2133_8x8,TaggedPrefetcher,64,0.060243
128,16,ON,16,DDR3_2133_8x8,None,64,0.047963
128,1,OFF,2,DDR3_1600_8x8,None,128,0.088963
256,1,OFF,16,DDR4_2400_4x16,TaggedPrefetcher,32,0.034952
512,16,OFF,2,DDR3_1600_8x8,None,64,0.031549
64,2,OFF,2,DDR4_2400_8x8,SignaturePathPrefetcher,64,0.100616
512,4,ON,4,DDR3_1600_8x8,AMPMPrefetcher,64,0.032774
512,4,ON,16,DDR4_2400_16x4,None,32,0.032788
128,2,ON,2,DDR4_2400_4x16,AMPMPrefetcher,64,0.044189
128,1,OFF,4,DDR4_2400_16x4,SignaturePathPrefetcher,32,0.062428
128,8,ON,2,DDR4_2400_16x4,SignaturePathPrefetcher,32,0.037512
128,16,OFF,8,DDR4_2400_8x8,AMPMPrefetcher,32,0.099786
64,1,ON,2,DDR4_2400_16x4,AMPMPrefetcher,128,0.059405
512,1,ON,4,DDR4_2400_16x4,AMPMPrefetcher,64,0.034652
64,2,ON,1,DDR3_1600_8x8,SignaturePathPrefetcher,32,0.043554
64,8,ON,1,DDR4_2400_16x4,SignaturePathPrefetcher,128,0.045468
64,4,OFF,16,DDR3_2133_8x8,BOPPrefetcher,32,0.147500
256,2,ON,16,DDR3_1600_8x8,SignaturePathPrefetcher,128,0.033019
128,1,ON,4,DDR3_1600_8x8,None,64,0.041659
256,8,ON,1,DDR4_2400_8x8,None,64,0.032582
32,4,ON,4,DDR3_1600_8x8,SignaturePathPrefetcher,32,0.044004
32,1,ON,2,DDR4_2400_16x4,AMPMPrefetcher,128,0.068749
128,1,OFF,16,DDR4_2400_16x4,AMPMPrefetcher,128,0.118866
256,8,OFF,16,DDR4_2400_16x4,SignaturePathPrefetcher,32,0.032377
64,8,OFF,2,DDR4_2400_4x16,SignaturePathPrefetcher,32,0.106198
64,2,ON,2,DDR3_1600_8x8,BOPPrefetcher,128,0.055919
32,8,OFF,2,DDR4_2400_16x4,AMPMPrefetcher,128,0.171308
32,8,ON,4,DDR3_1600_8x8,BOPPrefetcher,128,0.057378
64,4,ON,1,DDR4_2400_16x4,BOPPrefetcher,128,0.066773
256,16,OFF,1,DDR4_2400_4x16,TaggedPrefetcher,64,0.031648
128,4,OFF,8,DDR4_2400_16x4,BOPPrefetcher,128,0.099391
256,1,OFF,4,DDR4_2400_16x4,BOPPrefetcher,32,0.074058
32,2,OFF,2,DDR3_1600_8x8,None,64,0.152114
128,16,OFF,8,DDR3_2133_8x8,SignaturePathPrefetcher,64,0.068360
64,8,OFF,16,DDR4_2400_16x4,TaggedPrefetcher,128,0.171601
32,1,OFF,1,DDR4_2400_8x8,AMPMPrefetcher,32,0.162999
256,1,OFF,4,DDR4_2400_4x16,None,32,0.091466
32,16,ON,8,DDR3_1600_8x8,TaggedPrefetcher,128,0.062356
32,2,ON,2,DDR3_1600_8x8,None,128,0.057874
32,4,ON,1,DDR3_1600_8x8,None,32,0.057699
512,2,ON,4,DDR4_2400_16x4,AMPMPrefetcher,128,0.032815
512,1,ON,2,DDR4_2400_4x16,AMPMPrefetcher,128,0.038231
128,4,ON,8,DDR4_2400_16x4,SignaturePathPrefetcher,128,0.037953
512,2,OFF,8,DDR3_1600_8x8,BOPPrefetcher,64,0.043601
128,4,OFF,1,DDR4_2400_16x4,AMPMPrefetcher,128,0.104392
64,4,OFF,4,DDR3_1600_8x8,BOPPrefetcher,32,0.151987
512,2,OFF,1,DDR3_2133_8x8,TaggedPrefetcher,32,0.043431
256,16,ON,8,DDR4_2400_4x16,SignaturePathPrefetcher,64,0.032781
64,2,OFF,16,DDR3_1600_8x8,TaggedPrefetcher,32,0.152145
256,16,OFF,4,DDR4_2400_16x4,TaggedPrefetcher,64,0.031726
64,1,OFF,2,DDR3_2133_8x8,None,32,0.133592
32,8,ON,4,DDR3_1600_8x8,SignaturePathPrefetcher,32,0.044324
128,8,ON,4,DDR4_2400_16x4,AMPMPrefetcher,128,0.047630
512,16,ON,16,DDR4_2400_16x4,AMPMPrefetcher,32,0.032704
64,8,OFF,1,DDR4_2400_8x8,TaggedPrefetcher,64,0.149446
128,16,ON,1,DDR3_1600_8x8,TaggedPrefetcher,128,0.049107
32,8,ON,4,DDR4_2400_8x8,None,32,0.057840
256,1,OFF,4,DDR4_2400_8x8,AMPMPrefetcher,128,0.087561
256,16,OFF,16,DDR3_1600_8x8,SignaturePathPrefetcher,128,0.031722
256,4,OFF,16,DDR3_1600_8x8,AMPMPrefetcher,64,0.033135
32,16,OFF,16,DDR3_1600_8x8,None,128,0.160392
128,1,ON,16,DDR4_2400_8x8,SignaturePathPrefetcher,128,0.039562
512,4,ON,4,DDR3_1600_8x8,None,64,0.032716
256,4,ON,1,DDR3_2133_8x8,None,128,0.032838
64,4,OFF,16,DDR4_2400_8x8,SignaturePathPrefetcher,128,0.117995
64,1,ON,2,DDR4_2400_16x4,None,64,0.055949
256,1,OFF,4,DDR4_2400_4x16,SignaturePathPrefetcher,128,0.067636
32,8,OFF,1,DDR4_2400_16x4,TaggedPrefetcher,64,0.149370
512,4,OFF,2,DDR4_2400_16x4,None,64,0.031609
256,1,ON,1,DDR4_2400_4x16,BOPPrefetcher,32,0.040494
32,8,ON,16,DDR3_1600_8x8,SignaturePathPrefetcher,32,0.045511
32,1,ON,2,DDR3_2133_8x8,TaggedPrefetcher,64,0.062499
512,8,ON,8,DDR4_2400_8x8,SignaturePathPrefetcher,32,0.032355
64,2,ON,8,DDR4_2400_4x16,SignaturePathPrefetcher,128,0.046357
128,16,OFF,8,DDR4_2400_16x4,None,64,0.101637
256,4,OFF,4,DDR3_2133_8x8,TaggedPrefetcher,32,0.033798
64,16,OFF,2,DDR4_2400_8x8,SignaturePathPrefetcher,32,0.104755
256,4,ON,4,DDR4_2400_16x4,AMPMPrefetcher,32,0.032853
32,16,ON,2,DDR3_2133_8x8,SignaturePathPrefetcher,64,0.045371
128,2,ON,16,DDR3_1600_8x8,SignaturePathPrefetcher,64,0.038270
256,4,ON,8,DDR4_2400_4x16,TaggedPrefetcher,128,0.037428
32,4,OFF,8,DDR3_1600_8x8,AMPMPrefetcher,128,0.170314
32,1,OFF,1,DDR4_2400_4x16,None,128,0.167525
256,16,ON,2,DDR3_2133_8x8,SignaturePathPrefetcher,32,0.032352
128,8,OFF,16,DDR4_2400_4x16,None,128,0.086426
256,8,OFF,16,DDR4_2400_4x16,None,32,0.034897
32,4,OFF,2,DDR3_2133_8x8,TaggedPrefetcher,128,0.165164
128,16,OFF,8,DDR3_1600_8x8,TaggedPrefetcher,32,0.102093
64,16,ON,8,DDR4_2400_8x8,AMPMPrefetcher,128,0.063460
64,2,OFF,2,DDR3_2133_8x8,TaggedPrefetcher,64,0.140387
128,4,ON,1,DDR4_2400_16x4,None,64,0.042012
256,2,OFF,16,DDR3_1600_8x8,TaggedPrefetcher,64,0.067807
256,1,OFF,8,DDR4_2400_16x4,None,32,0.074058
256,2,ON,1,DDR4_2400_4x16,TaggedPrefetcher,128,0.033042
256,2,ON,1,DDR3_2133_8x8,AMPMPrefetcher,64,0.032694
128,2,ON,8,DDR4_2400_4x16,AMPMPrefetcher,32,0.044161
32,16,OFF,16,DDR3_2133_8x8,BOPPrefetcher,128,0.150054
512,1,ON,1,DDR4_2400_4x16,AMPMPrefetcher,64,0.034399
32,8,OFF,8,DDR4_2400_16x4,BOPPrefetcher,128,0.156016
128,8,ON,8,DDR4_2400_8x8,None,32,0.042469
32,16,ON,16,DDR3_1600_8x8,BOPPrefetcher,32,0.058118
32,2,OFF,16,DDR3_1600_8x8,None,32,0.153600
128,2,OFF,1,DDR4_2400_8x8,AMPMPrefetcher,32,0.077039
512,8,ON,2,DDR3_2133_8x8,SignaturePathPrefetcher,128,0.032776
512,2,ON,2,DDR4_2400_4x16,AMPMPrefetcher,32,0.032459
512,2,ON,16,DDR4_2400_4x16,TaggedPrefetcher,64,0.032887
64,4,ON,1,DDR4_2400_8x8,SignaturePathPrefetcher,32,0.043915
128,1,ON,4,DDR3_2133_8x8,AMPMPrefetcher,64,0.047757
64,1,OFF,1,DDR4_2400_16x4,TaggedPrefetcher,64,0.135634
256,8,OFF,4,DDR3_2133_8x8,TaggedPrefetcher,128,0.032095
32,2,OFF,8,DDR3_2133_8x8,BOPPrefetcher,128,0.151307
32,8,ON,8,DDR4_2400_4x16,BOPPrefetcher,32,0.058000
512,4,ON,4,DDR4_2400_4x16,AMPMPrefetcher,64,0.032758
256,16,ON,8,DDR4_2400_4x16,None,32,0.032738
256,2,ON,2,DDR4_2400_16x4,None,64,0.038460
256,2,OFF,4,DDR4_2400_8x8,BOPPrefetcher,32,0.046510
512,8,ON,4,DDR4_2400_16x4,BOPPrefetcher,32,0.032577
32,8,ON,2,DDR3_1600_8x8,None,64,0.058069
512,2,ON,16,DDR3_2133_8x8,AMPMPrefetcher,128,0.032864
256,4,ON,2,DDR3_1600_8x8,BOPPrefetcher,64,0.032576
128,1,ON,4,DDR4_2400_16x4,SignaturePathPrefetcher,128,0.041491
512,8,OFF,8,DDR3_2133_8x8,AMPMPrefetcher,32,0.031736
64,16,OFF,16,DDR4_2400_16x4,SignaturePathPrefetcher,32,0.107756
512,1,OFF,2,DDR3_2133_8x8,TaggedPrefetcher,32,0.032977
128,4,ON,1,DDR4_2400_4x16,BOPPrefetcher,64,0.043316
128,1,ON,4,DDR4_2400_8x8,None,32,0.046379
512,4,ON,8,DDR4_2400_4x16,BOPPrefetcher,32,0.032633
32,8,OFF,2,DDR4_2400_16x4,AMPMPrefetcher,64,0.152579
512,16,ON,8,DDR3_2133_8x8,SignaturePathPrefetcher,32,0.032417
32,16,ON,1,DDR3_1600_8x8,TaggedPrefetcher,128,0.062081
512,16,OFF,1,DDR4_2400_16x4,AMPMPrefetcher,128,0.031908
256,1,OFF,16,DDR3_2133_8x8,None,64,0.087547
128,8,OFF,8,DDR3_1600_8x8,TaggedPrefetcher,128,0.085552
256,16,OFF,2,DDR4_2400_8x8,None,32,0.033727
512,8,OFF,4,DDR3_1600_8x8,TaggedPrefetcher,64,0.031701
128,4,OFF,8,DDR4_2400_16x4,BOPPrefetcher,64,0.093296
32,8,OFF,16,DDR4_2400_16x4,SignaturePathPrefetcher,32,0.104197
512,8,ON,8,DDR4_2400_4x16,TaggedPrefetcher,64,0.032788
32,2,ON,4,DDR3_1600_8x8,TaggedPrefetcher,64,0.060148
512,2,OFF,4,DDR4_2400_4x16,TaggedPrefetcher,64,0.032805
128,16,OFF,16,DDR4_2400_4x16,BOPPrefetcher,64,0.105523
512,8,OFF,8,DDR4_2400_4x16,SignaturePathPrefetcher,32,0.031909
32,8,OFF,1,DDR3_1600_8x8,SignaturePathPrefetcher,64,0.105550
64,2,OFF,1,DDR3_1600_8x8,TaggedPrefetcher,64,0.151163
512,16,ON,4,DDR3_1600_8x8,AMPMPrefetcher,128,0.032805
32,4,ON,8,DDR4_2400_16x4,AMPMPrefetcher,64,0.060106
256,8,OFF,4,DDR4_2400_8x8,BOPPrefetcher,64,0.032015
128,2,OFF,2,DDR3_1600_8x8,TaggedPrefetcher,32,0.085700
64,16,OFF,8,DDR4_2400_16x4,BOPPrefetcher,128,0.155071
32,16,ON,1,DDR3_1600_8x8,None,128,0.057645
128,2,OFF,1,DDR4_2400_4x16,BOPPrefetcher,64,0.095940
128,16,ON,16,DDR4_2400_4x16,TaggedPrefetcher,32,0.048045
32,4,OFF,1,DDR3_1600_8x8,None,64,0.151266
32,1,ON,16,DDR3_2133_8x8,None,32,0.060153
32,2,ON,8,DDR3_2133_8x8,None,128,0.058169
64,16,OFF,2,DDR3_2133_8x8,TaggedPrefetcher,64,0.145615
64,16,OFF,16,DDR4_2400_4x16,TaggedPrefetcher,128,0.173295
128,8,OFF,1,DDR3_2133_8x8,BOPPrefetcher,128,0.077244
64,2,OFF,16,DDR3_1600_8x8,None,128,0.154444
128,1,OFF,4,DDR4_2400_8x8,TaggedPrefetcher,32,0.109231
512,8,ON,1,DDR3_2133_8x8,BOPPrefetcher,128,0.032712
512,8,ON,16,DDR4_2400_8x8,None,32,0.032768
256,8,ON,8,DDR4_2400_4x16,AMPMPrefetcher,128,0.032853
256,1,OFF,2,DDR4_2400_16x4,SignaturePathPrefetcher,128,0.065363
256,8,OFF,2,DDR3_1600_8x8,SignaturePathPrefetcher,32,0.032550
512,16,OFF,2,DDR4_2400_8x8,BOPPrefetcher,128,0.031790
256,4,OFF,8,DDR3_2133_8x8,BOPPrefetcher,128,0.032824
512,2,ON,1,DDR3_2133_8x8,BOPPrefetcher,64,0.032619
512,4,ON,8,DDR4_2400_8x8,SignaturePathPrefetcher,64,0.032803
512,4,ON,16,DDR3_1600_8x8,BOPPrefetcher,64,0.032789
64,16,ON,1,DDR4_2400_8x8,AMPMPrefetcher,32,0.058217
512,8,OFF,8,DDR3_1600_8x8,BOPPrefetcher,64,0.031519
32,4,OFF,16,DDR3_2133_8x8,TaggedPrefetcher,64,0.146340
32,2,ON,8,DDR4_2400_4x16,SignaturePathPrefetcher,32,0.045572
32,16,ON,1,DDR4_2400_4x16,TaggedPrefetcher,128,0.062059
512,4,OFF,8,DDR3_1600_8x8,TaggedPrefetcher,32,0.031860
128,4,OFF,2,DDR3_1600_8x8,BOPPrefetcher,32,0.083421
512,16,ON,2,DDR3_2133_8x8,AMPMPrefetcher,64,0.032716
512,16,ON,2,DDR3_2133_8x8,None,32,0.032290
128,8,OFF,4,DDR4_2400_16x4,TaggedPrefetcher,64,0.076758
256,1,ON,1,DDR4_2400_16x4,SignaturePathPrefetcher,32,0.034484
128,1,OFF,4,DDR4_2400_16x4,TaggedPrefetcher,64,0.101036
512,2,OFF,1,DDR4_2400_4x16,None,32,0.034014
128,8,ON,2,DDR3_1600_8x8,BOPPrefetcher,128,0.047530
32,8,OFF,16,DDR4_2400_8x8,SignaturePathPrefetcher,64,0.110140
32,1,OFF,16,DDR3_1600_8x8,BOPPrefetcher,32,0.156919
128,4,OFF,8,DDR3_2133_8x8,None,128,0.113614
512,8,ON,8,DDR4_2400_8x8,None,32,0.032607
64,2,OFF,2,DDR4_2400_16x4,TaggedPrefetcher,64,0.150990
64,4,OFF,1,DDR3_1600_8x8,None,32,0.151987
256,4,ON,8,DDR4_2400_16x4,BOPPrefetcher,128,0.032922
128,4,OFF,16,DDR3_2133_8x8,None,32,0.109250
32,1,ON,4,DDR4_2400_8x8,TaggedPrefetcher,128,0.066308
512,16,ON,8,DDR3_2133_8x8,AMPMPrefetcher,32,0.032388
32,16,OFF,8,DDR3_2133_8x8,SignaturePathPrefetcher,128,0.124564
256,8,OFF,4,DDR4_2400_16x4,SignaturePathPrefetcher,32,0.032377
32,8,ON,2,DDR3_2133_8x8,TaggedPrefetcher,32,0.058913
32,1,ON,2,DDR3_1600_8x8,None,128,0.060899
32,1,OFF,16,DDR3_1600_8x8,TaggedPrefetcher,64,0.156504
64,8,ON,16,DDR4_2400_16x4,SignaturePathPrefetcher,32,0.045498
128,16,ON,1,DDR4_2400_4x16,None,32,0.038918
64,2,ON,8,DDR4_2400_16x4,AMPMPrefetcher,64,0.058668
256,2,OFF,4,DDR3_1600_8x8,SignaturePathPrefetcher,64,0.046971
512,1,ON,8,DDR4_2400_4x16,SignaturePathPrefetcher,128,0.032915
64,1,ON,2,DDR4_2400_16x4,TaggedPrefetcher,64,0.055012
32,8,ON,4,DDR4_2400_16x4,AMPMPrefetcher,128,0.063650
256,2,ON,16,DDR3_2133_8x8,BOPPrefetcher,128,0.033177
32,4,ON,1,DDR4_2400_16x4,None,128,0.058002
512,16,ON,4,DDR3_2133_8x8,TaggedPrefetcher,64,0.032758
